movie_id,predicted_rating,title
50,2.6913907284768213,Star Wars (1977)
100,2.252980132450331,Fargo (1996)
181,2.1774834437086095,Return of the Jedi (1983)
258,2.0649006622516555,Contact (1997)
174,1.9125827814569536,Raiders of the Lost Ark (1981)
286,1.8675496688741722,"English Patient, The (1996)"
1,1.8476821192052981,Toy Story (1995)
127,1.8357615894039736,"Godfather, The (1972)"
98,1.8158940397350993,"Silence of the Lambs, The (1991)"
288,1.7245033112582782,Scream (1996)
